codon,one.letter,three.letter
UAA,*,Stop
UAG,*,Stop
UGA,*,Stop
GCU,A,Ala
GCG,A,Ala
GCA,A,Ala
GCC,A,Ala
UGC,C,Cys
UGU,C,Cys
GAC,D,Asp
GAU,D,Asp
GAA,E,Glu
GAG,E,Glu
UUC,F,Phe
UUU,F,Phe
GGA,G,Gly
GGC,G,Gly
GGG,G,Gly
GGU,G,Gly
CAC,H,His
CAU,H,His
AUA,I,Ile
AUU,I,Ile
AUC,I,Ile
AAG,K,Lys
AAA,K,Lys
CUG,L,Leu
CUU,L,Leu
UUG,L,Leu
UUA,L,Leu
CUA,L,Leu
CUC,L,Leu
AUG,M,Met
AAC,N,Asn
AAU,N,Asn
CCU,P,Pro
CCA,P,Pro
CCG,P,Pro
CCC,P,Pro
CAG,Q,Gln
CAA,Q,Gln
CGU,R,Arg
AGA,R,Arg
AGG,R,Arg
CGA,R,Arg
CGG,R,Arg
CGC,R,Arg
AGC,S,Ser
UCG,S,Ser
UCU,S,Ser
AGU,S,Ser
UCA,S,Ser
UCC,S,Ser
ACU,T,Thr
ACG,T,Thr
ACA,T,Thr
ACC,T,Thr
GUG,V,Val
GUU,V,Val
GUA,V,Val
GUC,V,Val
UGG,W,Trp
UAC,Y,Tyr
UAU,Y,Tyr
