,codon,three.letter,one.letter,usage.frequency
0,AAA,Lys,K,24.4
1,AAC,Asn,N,19.1
2,AAG,Lys,K,31.9
3,AAU,Asn,N,17.0
4,ACA,Thr,T,15.1
5,ACC,Thr,T,18.9
6,ACG,Thr,T,6.1
7,ACU,Thr,T,13.1
8,AGA,Arg,R,12.2
9,AGC,Ser,S,19.5
10,AGG,Arg,R,12.0
11,AGU,Ser,S,12.1
12,AUA,Ile,I,7.5
13,AUC,Ile,I,20.8
14,AUG,Met,M,22.0
15,AUU,Ile,I,16.0
16,CAA,Gln,Q,12.3
17,CAC,His,H,15.1
18,CAG,Gln,Q,34.2
19,CAU,His,H,10.9
20,CCA,Pro,P,16.9
21,CCC,Pro,P,19.8
22,CCG,Pro,P,6.9
23,CCU,Pro,P,17.5
24,CGA,Arg,R,6.2
25,CGC,Arg,R,10.4
26,CGG,Arg,R,11.4
27,CGU,Arg,R,4.5
28,CUA,Leu,L,7.2
29,CUC,Leu,L,19.6
30,CUG,Leu,L,39.6
31,CUU,Leu,L,13.2
32,GAA,Glu,E,29.0
33,GAC,Asp,D,25.1
34,GAG,Glu,E,39.6
35,GAU,Asp,D,21.8
36,GCA,Ala,A,15.8
37,GCC,Ala,A,27.7
38,GCG,Ala,A,7.4
39,GCU,Ala,A,18.4
40,GGA,Gly,G,16.5
41,GGC,Gly,G,22.2
42,GGG,Gly,G,16.5
43,GGU,Gly,G,10.8
44,GUA,Val,V,7.1
45,GUC,Val,V,14.5
46,GUG,Val,V,28.1
47,GUU,Val,V,11.0
48,UAA,Stop,*,1.0
49,UAC,Tyr,Y,15.3
50,UAG,Stop,*,0.8
51,UAU,Tyr,Y,12.2
52,UCA,Ser,S,12.2
53,UCC,Ser,S,17.7
54,UCG,Ser,S,4.4
55,UCU,Ser,S,15.2
56,UGA,Stop,*,1.6
57,UGC,Cys,C,12.6
58,UGG,Trp,W,13.2
59,UGU,Cys,C,10.6
60,UUA,Leu,L,7.7
61,UUC,Phe,F,20.3
62,UUG,Leu,L,12.9
63,UUU,Phe,F,17.6
